Date,Tone_score
2018.1.1,0.13856618
2018.1.2,0.16551061
2018.1.3,0.23842338
2018.1.4,0.10286659
2018.1.5,0.15096633
2018.1.6,0.17160001
2018.1.7,0.1922337
2018.1.8,0.21286738
2018.1.9,0.14585416
2018.1.10,0.10855331
2018.1.11,0.17986079
2018.1.12,0.10293905
2018.1.13,0.11007331
2018.1.14,0.11720759
2018.1.15,0.14886005
2018.1.16,0.13558121
2018.1.17,0.22620176
2018.1.18,0.039966367
2018.1.19,0.14163922
2018.1.20,0.14265911
2018.1.21,0.14367902
2018.1.22,0.14469892
2018.1.23,0.13652861
2018.1.24,0.08419939
2018.1.25,0.13959152
2018.1.26,0.14045952
2018.1.27,0.13416228
2018.1.28,0.12786505
2018.1.29,0.23403105
2018.1.30,0.09332634
2018.1.31,0.15150762
2018.2.1,0.06608019
2018.2.2,0.24557269
2018.2.3,-0.001023382
2018.2.4,0.045360968
2018.2.5,0.045063425
2018.2.6,0.17717624
2018.2.7,0.17232454
2018.2.8,0.14216234
2018.2.9,0.12156937
2018.2.10,0.11450161
2018.2.11,0.107433856
2018.2.12,0.16327415
2018.2.13,0.18872075
2018.2.14,0.10442209
2018.2.15,0.10611296
2018.2.16,0.10780382
2018.2.17,0.109494686
2018.2.18,0.11118555
2018.2.19,0.13167067
2018.2.20,0.13842303
2018.2.21,0.116529085
2018.2.22,0.0991384
2018.2.23,0.11728589
2018.2.24,0.14277454
2018.2.25,0.16826318
2018.2.26,0.13079578
2018.2.27,0.05527054
2018.2.28,0.092507295
2018.3.1,0.11460091
2018.3.2,0.13669454
2018.3.3,0.07185397
2018.3.4,0.00701341
2018.3.5,0.20066972
2018.3.6,0.092603564
2018.3.7,0.21003218
2018.3.8,0.07875999
2018.3.9,0.1591884
2018.3.10,0.15991454
2018.3.11,0.16064067
2018.3.12,0.14579847
2018.3.13,0.15522817
2018.3.14,0.17293635
2018.3.15,0.12331199
2018.3.16,0.1518182
2018.3.17,0.08377149
2018.3.18,0.015724778
2018.3.19,0.16493306
2018.3.20,0.10369513
2018.3.21,0.08217482
2018.3.22,0.098950714
2018.3.23,0.10244594
2018.3.24,0.06547843
2018.3.25,0.028510928
2018.3.26,0.13510855
2018.3.27,0.15024142
2018.3.28,0.17690094
2018.3.29,0.17580843
2018.3.30,0.15457161
2018.3.31,0.14861825
2018.4.1,0.14266488
2018.4.2,0.23409578
2018.4.3,0.19251633
2018.4.4,0.14054683
2018.4.5,0.15162009
2018.4.6,0.14201127
2018.4.7,0.1434663
2018.4.8,0.14492133
2018.4.9,0.09907776
2018.4.10,0.20804425
2018.4.11,0.11911571
2018.4.12,0.053572424
2018.4.13,0.163001
2018.4.14,0.1785263
2018.4.15,0.19405158
2018.4.16,0.20957687
2018.4.17,0.12671238
2018.4.18,0.17357755
2018.4.19,0.14860083
2018.4.20,0.16553354
2018.4.21,-0.043703735
2018.4.22,0.154815
2018.4.23,0.13148206
2018.4.24,0.0999878
2018.4.25,0.074678764
2018.4.26,0.1616243
2018.4.27,0.17887704
2018.4.28,0.1384744
2018.4.29,0.098071754
2018.4.30,0.14416298
2018.5.1,0.15358199
2018.5.2,0.163001
2018.5.3,0.09716672
2018.5.4,0.12585174
2018.5.5,0.10336121
2018.5.6,0.08087069
2018.5.7,0.07781918
2018.5.8,0.14225611
2018.5.9,0.11147936
2018.5.10,0.15270844
2018.5.11,0.06670843
2018.5.12,0.13144606
2018.5.13,0.19618368
2018.5.14,0.15459992
2018.5.15,0.13218033
2018.5.16,0.06896088
2018.5.17,0.063365154
2018.5.18,0.20081577
2018.5.19,0.15872078
2018.5.20,0.11662579
2018.5.21,0.107685834
2018.5.22,0.20245698
2018.5.23,0.10119005
2018.5.24,0.083062544
2018.5.25,0.18720157
2018.5.26,0.1655493
2018.5.27,0.14389701
2018.5.28,0.13483743
2018.5.29,0.105787255
2018.5.30,0.16601297
2018.5.31,0.11945296
2018.6.1,0.15143357
2018.6.2,0.080343656
2018.6.3,0.00925374
2018.6.4,0.0781832
2018.6.5,0.0669978
2018.6.6,-0.005470455
2018.6.7,0.08296565
2018.6.8,0.079999514
2018.6.9,0.092055604
2018.6.10,0.1041117
2018.6.11,0.120596245
2018.6.12,0.14559756
2018.6.13,0.09989152
2018.6.14,0.05418548
2018.6.15,0.052452426
2018.6.16,0.10274735
2018.6.17,0.124999724
2018.6.18,0.13301249
2018.6.19,0.14513719
2018.6.20,0.16372602
2018.6.21,0.123898946
2018.6.22,0.17264768
2018.6.23,0.15133889
2018.6.24,0.1300301
2018.6.25,0.11686267
2018.6.26,0.16198856
2018.6.27,0.11056538
2018.6.28,0.1812842
2018.6.29,0.21559842
2018.6.30,0.20217453
2018.7.1,0.18875062
2018.7.2,0.17532673
2018.7.3,0.2215415
2018.7.4,0.20356798
2018.7.5,0.2444413
2018.7.6,0.21306944
2018.7.7,0.14480421
2018.7.8,0.076538995
2018.7.9,0.19587687
2018.7.10,0.14524183
2018.7.11,0.18624356
2018.7.12,0.1407274
2018.7.13,0.17422235
2018.7.14,0.1760763
2018.7.15,0.17793025
2018.7.16,0.2095261
2018.7.17,0.14761326
2018.7.18,0.20509747
2018.7.19,0.23679876
2018.7.20,0.20266882
2018.7.21,0.20528936
2018.7.22,0.20790993
2018.7.23,0.21053047
2018.7.24,0.17043331
2018.7.25,0.19329436
2018.7.26,0.09053205
2018.7.27,0.17161438
2018.7.28,0.16861536
2018.7.29,0.16561632
2018.7.30,0.1626173
2018.7.31,0.14232858
2018.8.1,0.19609335
2018.8.2,0.10776293
2018.8.3,0.1841499
2018.8.4,0.18373412
2018.8.5,0.18331833
2018.8.6,0.18290254
2018.8.7,0.16079359
2018.8.8,0.16001768
2018.8.9,0.18017003
2018.8.10,0.17292877
2018.8.11,0.16886061
2018.8.12,0.16479245
2018.8.13,0.14945528
2018.8.14,0.14361274
2018.8.15,0.14482191
2018.8.16,0.14603107
2018.8.17,0.14450805
2018.8.18,0.13247123
2018.8.19,0.12043443
2018.8.20,0.1673027
2018.8.21,0.14578512
2018.8.22,0.115027234
2018.8.23,0.12207954
2018.8.24,0.15645254
2018.8.25,0.09721408
2018.8.26,0.037975624
2018.8.27,0.12335954
2018.8.28,0.15922089
2018.8.29,0.1707093
2018.8.30,0.14613037
2018.8.31,0.10206904
2018.9.1,0.12487817
2018.9.2,0.14768729
2018.9.3,0.17691031
2018.9.4,0.121697545
2018.9.5,0.14286676
2018.9.6,0.1753455
2018.9.7,0.16043763
2018.9.8,0.15137282
2018.9.9,0.14230801
2018.9.10,0.20900309
2018.9.11,0.18262386
2018.9.12,0.09422148
2018.9.13,0.07659365
2018.9.14,0.1775366
2018.9.15,0.16655843
2018.9.16,0.18582529
2018.9.17,0.20509215
2018.9.18,0.17015927
2018.9.19,0.10779792
2018.9.20,0.15620123
2018.9.21,0.14520642
2018.9.22,-0.0181804
2018.9.23,0.085506976
2018.9.24,0.06637395
2018.9.25,0.081252724
2018.9.26,0.07307387
2018.9.27,0.08837034
2018.9.28,0.105691314
2018.9.29,0.121481754
2018.9.30,0.1372722
2018.10.1,0.18480684
2018.10.2,0.15941499
2018.10.3,0.14690928
2018.10.4,0.16132313
2018.10.5,0.23480856
2018.10.6,0.15350644
2018.10.7,0.07220432
2018.10.8,0.16350046
2018.10.9,-0.056472152
2018.10.10,0.20594971
2018.10.11,0.12909536
2018.10.12,0.16331823
2018.10.13,-0.031582117
2018.10.14,0.053632397
2018.10.15,0.062183134
2018.10.16,0.15265682
2018.10.17,0.19747943
2018.10.18,0.032876067
2018.10.19,0.16459079
2018.10.20,0.15620133
2018.10.21,0.14781186
2018.10.22,0.048404563
2018.10.23,0.13510281
2018.10.24,0.20407522
2018.10.25,0.042239815
2018.10.26,0.167941
2018.10.27,0.15745866
2018.10.28,0.14697632
2018.10.29,0.13649398
2018.10.30,0.15771008
2018.10.31,0.20615204
2018.11.1,0.15430683
2018.11.2,0.15280727
2018.11.3,0.021091849
2018.11.4,0.09481929
2018.11.5,0.16854674
2018.11.6,0.1794781
2018.11.7,-0.012906551
2018.11.8,0.19662853
2018.11.9,0.1341082
2018.11.10,0.14413896
2018.11.11,0.15416974
2018.11.12,0.1642005
2018.11.13,0.17751312
2018.11.14,0.17811683
2018.11.15,0.21496086
2018.11.16,0.08526597
2018.11.17,0.12121855
2018.11.18,0.15717113
2018.11.19,0.11705545
2018.11.20,0.10034242
2018.11.21,0.16353078
2018.11.22,0.10081571
2018.11.23,0.1409813
2018.11.24,0.12028306
2018.11.25,0.09958482
2018.11.26,0.13107584
2018.11.27,0.12574296
2018.11.28,0.26650757
2018.11.29,0.032799527
2018.11.30,0.07340756
2018.12.1,0.13669977
2018.12.2,0.044074178
2018.12.3,0.17873397
2018.12.4,0.10012077
2018.12.5,0.06749369
2018.12.6,0.105582714
2018.12.7,0.123899676
2018.12.8,0.17118958
2018.12.9,0.18599322
2018.12.10,0.20079687
2018.12.11,0.09572747
2018.12.12,0.09200694
2018.12.13,0.1750939
2018.12.14,0.13625394
2018.12.15,0.08865431
2018.12.16,0.10798089
2018.12.17,0.15217198
2018.12.18,0.098768726
2018.12.19,0.16182622
2018.12.20,0.08730323
2018.12.21,0.10631555
2018.12.22,0.14132562
2018.12.23,0.11454111
2018.12.24,0.09862007
2018.12.25,0.19093195
2018.12.26,0.17822245
2018.12.27,0.06261933
2018.12.28,0.21749553
2018.12.29,0.1732279
2018.12.30,0.12896028
2018.12.31,0.08469265
2019.1.1,0.04042502
2019.1.2,0.10528477
2019.1.3,0.12288727
2019.1.4,0.11692032
2019.1.5,-0.03682524
2019.1.6,0.04514283
2019.1.7,0.10362115
2019.1.8,0.1139434
2019.1.9,0.13878839
2019.1.10,0.1786076
2019.1.11,0.19014093
2019.1.12,0.1732128
2019.1.13,0.15628465
2019.1.14,0.13935651
2019.1.15,0.123218015
2019.1.16,0.12892823
2019.1.17,0.17181115
2019.1.18,0.17563252
2019.1.19,0.12349789
2019.1.20,0.07136325
2019.1.21,0.18409841
2019.1.22,0.13703553
2019.1.23,0.10950182
2019.1.24,0.17072928
2019.1.25,0.13451476
2019.1.26,0.13725021
2019.1.27,0.13998565
2019.1.28,0.1427211
2019.1.29,0.17491302
2019.1.30,0.13424043
2019.1.31,0.06967025
2019.2.1,0.13832924
2019.2.2,0.13028765
2019.2.3,0.12224607
2019.2.4,0.11420449
2019.2.5,0.106162906
2019.2.6,0.17204839
2019.2.7,0.11685006
2019.2.8,0.12161436
2019.2.9,0.11071667
2019.2.10,0.099818975
2019.2.11,0.16860218
2019.2.12,0.12379484
2019.2.13,0.16118483
2019.2.14,0.16273555
2019.2.15,0.17037678
2019.2.16,0.1680043
2019.2.17,0.16563182
2019.2.18,0.16325934
2019.2.19,0.16386902
2019.2.20,0.16097336
2019.2.21,0.20092463
2019.2.22,0.1544397
2019.2.23,0.12619126
2019.2.24,0.097942814
2019.2.25,0.1774451
2019.2.26,0.14425105
2019.2.27,0.13519353
2019.2.28,0.15526469
2019.3.1,0.09499395
2019.3.2,0.11901453
2019.3.3,0.14303511
2019.3.4,0.1670557
2019.3.5,0.15725963
2019.3.6,0.15066843
2019.3.7,0.15004411
2019.3.8,0.22073989
2019.3.9,0.2087062
2019.3.10,0.19667253
2019.3.11,0.18463884
2019.3.12,0.18408504
2019.3.13,0.17285173
2019.3.14,0.15424177
2019.3.15,0.18556848
2019.3.16,0.18380715
2019.3.17,0.18204583
2019.3.18,0.1802845
2019.3.19,0.19557236
2019.3.20,0.14370601
2019.3.21,0.11125014
2019.3.22,0.12868248
2019.3.23,-0.02988103
2019.3.24,0.18223524
2019.3.25,0.14174876
2019.3.26,0.17122698
2019.3.27,0.1715137
2019.3.28,0.12579837
2019.3.29,0.12906158
2019.3.30,0.11998984
2019.3.31,0.110918105
2019.4.1,0.12965763
2019.4.2,0.1558848
2019.4.3,0.08139655
2019.4.4,0.14078902
2019.4.5,0.15029104
2019.4.6,0.070308626
2019.4.7,0.1156664
2019.4.8,0.16102417
2019.4.9,0.15145841
2019.4.10,0.11736047
2019.4.11,0.16900519
2019.4.12,0.14622991
2019.4.13,0.15213156
2019.4.14,0.15803319
2019.4.15,0.16393484
2019.4.16,0.1512006
2019.4.17,0.20562294
2019.4.18,0.062144183
2019.4.19,0.23973274
2019.4.20,0.21424611
2019.4.21,0.18875946
2019.4.22,0.16327283
2019.4.23,0.19217269
2019.4.24,0.16282114
2019.4.25,0.14868891
2019.4.26,0.11434521
2019.4.27,0.08599114
2019.4.28,0.057637066
2019.4.29,0.05625965
2019.4.30,0.20720878
2019.5.1,0.10880055
2019.5.2,0.088124886
2019.5.3,0.12161829
2019.5.4,0.13559219
2019.5.5,0.1495661
2019.5.6,0.16354
2019.5.7,0.189194
2019.5.8,0.055485047
2019.5.9,0.124532916
2019.5.10,0.14759687
2019.5.11,-0.003608614
2019.5.12,0.10252249
2019.5.13,0.2086536
2019.5.14,0.20908156
2019.5.15,0.19573657
2019.5.16,0.2083226
2019.5.17,0.17841499
2019.5.18,0.124832
2019.5.19,0.07124901
2019.5.20,0.21041532
2019.5.21,0.17966568
2019.5.22,0.20062618
2019.5.23,0.20246558
2019.5.24,0.11448934
2019.5.25,0.13079348
2019.5.26,0.14709762
2019.5.27,0.21315815
2019.5.28,0.15291187
2019.5.29,0.1697251
2019.5.30,0.18004611
2019.5.31,0.03286056
2019.6.1,0.061998703
2019.6.2,0.09113684
2019.6.3,0.05750848
2019.6.4,0.09673959
2019.6.5,0.14536572
2019.6.6,0.017369548
2019.6.7,0.16759247
2019.6.8,0.010406733
2019.6.9,0.05882752
2019.6.10,0.106956184
2019.6.11,0.1944213
2019.6.12,0.08738403
2019.6.13,0.16627564
2019.6.14,0.16870765
2019.6.15,0.07739065
2019.6.16,-0.013926357
2019.6.17,0.11295831
2019.6.18,0.12882824
2019.6.19,0.18900128
2019.6.20,0.006716812
2019.6.21,0.12017808
2019.6.22,0.07280177
2019.6.23,0.025425464
2019.6.24,0.1384822
2019.6.25,0.1686447
2019.6.26,0.14341745
2019.6.27,0.16784167
2019.6.28,0.11669228
2019.6.29,0.12120381
2019.6.30,0.12571535
2019.7.1,0.13022687
2019.7.2,0.10508096
2019.7.3,0.10441542
2019.7.4,0.11148403
2019.7.5,0.16748133
2019.7.6,0.023177505
2019.7.7,0.08650744
2019.7.8,0.15093371
2019.7.9,0.13977018
2019.7.10,0.16867705
2019.7.11,0.11046441
2019.7.12,0.11374035
2019.7.13,-0.005504295
2019.7.14,0.023892874
2019.7.15,0.13345037
2019.7.16,0.15360752
2019.7.17,0.18634626
2019.7.18,0.02602827
2019.7.19,0.14363402
2019.7.20,-0.007497221
2019.7.21,0.053502195
2019.7.22,0.11450161
2019.7.23,0.14348546
2019.7.24,0.15186027
2019.7.25,0.07240502
2019.7.26,0.16604047
2019.7.27,0.11461285
2019.7.28,0.06318522
2019.7.29,0.101830676
2019.7.30,0.11107834
2019.7.31,0.1133584
2019.8.1,0.054227524
2019.8.2,0.1535006
2019.8.3,0.10969717
2019.8.4,0.06589374
2019.8.5,0.12635908
2019.8.6,0.19289261
2019.8.7,0.14443734
2019.8.8,0.13450137
2019.8.9,0.1395283
2019.8.10,0.097514495
2019.8.11,0.055500686
2019.8.12,0.12339206
2019.8.13,0.08528508
2019.8.14,0.090081096
2019.8.15,0.058748133
2019.8.16,0.051254123
2019.8.17,0.001689673
2019.8.18,0.064876124
2019.8.19,0.12806258
2019.8.20,0.113080285
2019.8.21,0.052504998
2019.8.22,0.0786696
2019.8.23,0.12182212
2019.8.24,-0.006063014
2019.8.25,0.073706955
2019.8.26,0.10698168
2019.8.27,0.16528594
2019.8.28,0.11440432
2019.8.29,0.14917734
2019.8.30,0.0652805
2019.8.31,0.08082658
2019.9.1,0.096372664
2019.9.2,0.11001224
2019.9.3,0.16437797
2019.9.4,0.12849262
2019.9.5,0.105884716
2019.9.6,0.084962346
2019.9.7,0.08623357
2019.9.8,0.08750479
2019.9.9,0.047698837
2019.9.10,0.09021731
2019.9.11,0.12418045
2019.9.12,0.056977827
2019.9.13,0.08525618
2019.9.14,0.11353454
2019.9.15,0.16159728
2019.9.16,0.041929763
2019.9.17,0.12093412
2019.9.18,0.09308307
2019.9.19,0.046657212
2019.9.20,0.10818593
2019.9.21,0.0849494
2019.9.22,0.06171286
2019.9.23,0.078299545
2019.9.24,0.11963554
2019.9.25,0.12314743
2019.9.26,0.1501029
2019.9.27,0.12962556
2019.9.28,0.1102069
2019.9.29,0.090788245
2019.9.30,0.1209458
2019.10.1,0.1159292
2019.10.2,0.15832387
2019.10.3,0.19112858
2019.10.4,0.083654314
2019.10.5,0.123168185
2019.10.6,0.16268206
2019.10.7,0.20620468
2019.10.8,0.078562364
2019.10.9,0.052099526
2019.10.10,0.15689075
2019.10.11,0.14189929
2019.10.12,0.06439711
2019.10.13,-0.013105065
2019.10.14,0.1759659
2019.10.15,0.17524716
2019.10.16,0.098839015
2019.10.17,0.12866172
2019.10.18,0.18097396
2019.10.19,0.049028486
2019.10.20,0.07120808
2019.10.21,0.10888966
2019.10.22,0.13996094
2019.10.23,0.24517593
2019.10.24,0.043781795
2019.10.25,0.11740939
2019.10.26,0.097544216
2019.10.27,0.07767904
2019.10.28,0.12315259
2019.10.29,0.20923668
2019.10.30,0.14953707
2019.10.31,0.1285083
2019.11.1,0.2126422
2019.11.2,0.11301395
2019.11.3,0.08816874
2019.11.4,0.11962297
2019.11.5,0.21146317
2019.11.6,0.1726093
2019.11.7,0.13813007
2019.11.8,0.16785946
2019.11.9,0.17592993
2019.11.10,0.1840004
2019.11.11,0.1634511
2019.11.12,0.20113307
2019.11.13,0.15448742
2019.11.14,0.15149128
2019.11.15,0.1875827
2019.11.16,0.15932113
2019.11.17,0.13105957
2019.11.18,0.1190507
2019.11.19,0.19868806
2019.11.20,0.14459293
2019.11.21,0.15146534
2019.11.22,0.16106579
2019.11.23,0.1561522
2019.11.24,0.1512386
2019.11.25,0.14632502
2019.11.26,0.12506622
2019.11.27,0.123515
2019.11.28,0.1759804
2019.11.29,0.059572875
2019.11.30,0.068092376
2019.12.1,0.07661188
2019.12.2,0.16284677
2019.12.3,0.1541956
2019.12.4,0.17742106
2019.12.5,0.12033965
2019.12.6,0.11598462
2019.12.7,0.0778587
2019.12.8,0.039732784
2019.12.9,0.12387327
2019.12.10,0.16957942
2019.12.11,0.20322642
2019.12.12,0.053695522
2019.12.13,0.14781065
2019.12.14,0.096363224
2019.12.15,0.044915795
2019.12.16,0.11413659
2019.12.17,0.17681801
2019.12.18,0.119394384
2019.12.19,0.16261807
2019.12.20,0.12604408
2019.12.21,0.08559671
2019.12.22,0.04514934
2019.12.23,0.10824758
2019.12.24,0.13833493
2019.12.25,0.22063535
2019.12.26,0.10849462
2019.12.27,0.14082803
2019.12.28,0.17657253
2019.12.29,0.21231702
2019.12.30,0.15371037
2019.12.31,0.17621449
2020.1.1,0.054826096
2020.1.2,0.12522852
2020.1.3,0.16000813
2020.1.4,-0.041341394
2020.1.5,0.080371276
2020.1.6,0.18023217
2020.1.7,0.15329465
2020.1.8,0.11865571
2020.1.9,0.15166801
2020.1.10,0.15712552
2020.1.11,0.083735965
2020.1.12,0.010346413
2020.1.13,0.16635415
2020.1.14,0.17606404
2020.1.15,0.10989785
2020.1.16,0.14139007
2020.1.17,0.066638455
2020.1.18,0.09652758
2020.1.19,0.1264167
2020.1.20,0.15630582
2020.1.21,0.13132346
2020.1.22,0.163639
2020.1.23,0.14962022
2020.1.24,0.15472996
2020.1.25,0.15983969
2020.1.26,0.16494943
2020.1.27,0.17005916
2020.1.28,0.1751689
2020.1.29,0.12930343
2020.1.30,0.1573951
2020.1.31,0.15345912
2020.2.1,0.14591691
2020.2.2,0.13837469
2020.2.3,0.12980585
2020.2.4,0.1640554
2020.2.5,0.12725294
2020.2.6,0.14447536
2020.2.7,0.10056918
2020.2.8,0.08027786
2020.2.9,0.05998653
2020.2.10,0.17621383
2020.2.11,0.14538065
2020.2.12,0.14688954
2020.2.13,0.08818314
2020.2.14,0.15036705
2020.2.15,0.12160534
2020.2.16,0.09284362
2020.2.17,0.10702753
2020.2.18,0.16160591
2020.2.19,0.13068797
2020.2.20,0.12412362
2020.2.21,0.14763482
2020.2.22,0.07983183
2020.2.23,0.012028843
2020.2.24,0.10129858
2020.2.25,0.16348378
2020.2.26,0.12741056
2020.2.27,0.071064286
2020.2.28,0.12853464
2020.2.29,0.1791699
2020.3.1,0.22980514
2020.3.2,0.17396179
2020.3.3,0.14032266
2020.3.4,0.09178539
2020.3.5,0.15350808
2020.3.6,0.15866108
2020.3.7,0.18210861
2020.3.8,0.20555614
2020.3.9,0.1703587
2020.3.10,0.15187879
2020.3.11,0.12659666
2020.3.12,0.14086047
2020.3.13,0.13669066
2020.3.14,0.06679284
2020.3.15,-0.003104985
2020.3.16,0.044801366
2020.3.17,0.13477078
2020.3.18,0.13869242
2020.3.19,0.11053332
2020.3.20,0.13574643
2020.3.21,0.13170066
2020.3.22,0.12765488
2020.3.23,0.14463763
2020.3.24,0.17632194
2020.3.25,0.17067742
2020.3.26,0.13148935
2020.3.27,0.15874904
2020.3.28,0.11533818
2020.3.29,0.07192731
2020.3.30,0.15056203
2020.3.31,0.13848694
2020.4.1,0.161623
2020.4.2,0.18264636
2020.4.3,0.17734647
2020.4.4,0.11451462
2020.4.5,0.123266056
2020.4.6,0.17127393
2020.4.7,0.19077972
2020.4.8,0.14518708
2020.4.9,0.103415824
2020.4.10,0.14009848
2020.4.11,0.14646225
2020.4.12,0.15282603
2020.4.13,0.15918979
2020.4.14,0.14710715
2020.4.15,0.013253331
2020.4.16,0.071158834
2020.4.17,0.1341358
2020.4.18,0.16472074
2020.4.19,0.19530569
2020.4.20,0.15685785
2020.4.21,0.25093055
2020.4.22,0.1952497
2020.4.23,0.14774919
2020.4.24,0.12393248
2020.4.25,0.16089997
2020.4.26,0.19786745
2020.4.27,0.1501939
2020.4.28,0.14333446
2020.4.29,0.09874879
2020.4.30,-0.000330756
2020.5.1,0.040039893
2020.5.2,0.08041054
2020.5.3,0.12078119
2020.5.4,0.16115184
2020.5.5,0.14940795
2020.5.6,0.13766408
2020.5.7,0.19610211
2020.5.8,0.14320974
2020.5.9,0.15733589
2020.5.10,0.17146203
2020.5.11,0.18558818
2020.5.12,0.13922212
2020.5.13,0.14534488
2020.5.14,0.19072999
2020.5.15,0.17003866
2020.5.16,0.105371796
2020.5.17,0.040704936
2020.5.18,0.1708886
2020.5.19,0.14925805
2020.5.20,0.15346666
2020.5.21,0.122068055
2020.5.22,0.1412539
2020.5.23,0.13054845
2020.5.24,0.119843006
2020.5.25,0.10032501
2020.5.26,0.096204504
2020.5.27,0.094195604
2020.5.28,0.06503855
2020.5.29,0.14982435
2020.5.30,0.1354795
2020.5.31,0.12113463
2020.6.1,0.14354563
2020.6.2,0.19779453
2020.6.3,0.12799378
2020.6.4,0.15322188
2020.6.5,0.109498784
2020.6.6,0.13123581
2020.6.7,0.15297285
2020.6.8,0.15163279
2020.6.9,0.13945691
2020.6.10,0.13833372
2020.6.11,0.12500282
2020.6.12,0.17375556
2020.6.13,0.15823
2020.6.14,0.14270446
2020.6.15,0.1271789
2020.6.16,0.10656899
2020.6.17,0.14259748
2020.6.18,0.1792826
2020.6.19,0.14866742
2020.6.20,0.1364011
2020.6.21,0.12413478
2020.6.22,0.111868456
2020.6.23,0.1641357
2020.6.24,0.14448078
2020.6.25,0.1735758
2020.6.26,0.10589137
2020.6.27,0.11860438
2020.6.28,0.13131738
2020.6.29,0.17843981
2020.6.30,0.14541534
2020.7.1,0.13613209
2020.7.2,0.22349726
2020.7.3,0.15192035
2020.7.4,0.08844012
2020.7.5,0.024959892
2020.7.6,0.14883442
2020.7.7,0.18668225
2020.7.8,0.15605749
2020.7.9,0.15657876
2020.7.10,0.15669732
2020.7.11,0.15020305
2020.7.12,0.14370877
2020.7.13,0.15933545
2020.7.14,0.16129982
2020.7.15,0.018812692
2020.7.16,0.11347401
2020.7.17,0.13628188
2020.7.18,0.14107592
2020.7.19,0.14586997
2020.7.20,0.12916943
2020.7.21,0.15992376
2020.7.22,0.18354623
2020.7.23,0.14394782
2020.7.24,0.09858568
2020.7.25,0.118727006
2020.7.26,0.13886833
2020.7.27,0.15900967
2020.7.28,0.15652311
2020.7.29,0.18774088
2020.7.30,0.11141682
2020.7.31,0.12335996
2020.8.1,0.12771422
2020.8.2,0.13206847
2020.8.3,0.13642272
2020.8.4,0.19892648
2020.8.5,0.13391545
2020.8.6,0.156191
2020.8.7,0.15936011
2020.8.8,0.16299841
2020.8.9,0.1666367
2020.8.10,0.170275
2020.8.11,0.20414717
2020.8.12,0.13085023
2020.8.13,0.17993349
2020.8.14,0.14919934
2020.8.15,0.191998
2020.8.16,0.23479667
2020.8.17,0.15697058
2020.8.18,0.07914448
2020.8.19,0.12860127
2020.8.20,0.17366333
2020.8.21,0.21343307
2020.8.22,0.18582222
2020.8.23,0.15821135
2020.8.24,0.1306005
2020.8.25,0.14465383
2020.8.26,0.095644906
2020.8.27,0.08705256
2020.8.28,0.11245251
2020.8.29,0.13110127
2020.8.30,0.14975002
2020.8.31,0.16839878
2020.9.1,0.17412221
2020.9.2,0.12432642
2020.9.3,0.16597915
2020.9.4,0.16790296
2020.9.5,0.17970864
2020.9.6,0.19151434
2020.9.7,0.20332003
2020.9.8,0.12865478
2020.9.9,0.13315825
2020.9.10,0.092478946
2020.9.11,0.14855345
2020.9.12,0.15464708
2020.9.13,0.1607407
2020.9.14,0.16683434
2020.9.15,0.06476153
2020.9.16,0.20177114
2020.9.17,0.09926545
2020.9.18,0.14382094
2020.9.19,0.09698324
2020.9.20,0.050145537
2020.9.21,0.15588483
2020.9.22,0.16495828
2020.9.23,0.16135648
2020.9.24,0.18718632
2020.9.25,0.13517848
2020.9.26,0.13426244
2020.9.27,0.13334641
2020.9.28,0.17999843
2020.9.29,0.14927201
2020.9.30,0.13365185
2020.10.1,0.118031695
2020.10.2,0.10241154
2020.10.3,0.08679138
2020.10.4,0.071171224
2020.10.5,0.17143345
2020.10.6,0.1545785
2020.10.7,0.12677805
2020.10.8,0.15540463
2020.10.9,0.16180319
2020.10.10,0.16820176
2020.10.11,0.17460032
2020.10.12,0.18180275
2020.10.13,0.14963491
2020.10.14,0.106468156
2020.10.15,0.073364355
2020.10.16,0.114427984
2020.10.17,0.109657496
2020.10.18,0.10488701
2020.10.19,0.11550231
2020.10.20,0.16329606
2020.10.21,0.15181823
2020.10.22,0.1816427
2020.10.23,0.17578073
2020.10.24,0.216663
2020.10.25,0.18009314
2020.10.26,0.14352326
2020.10.27,0.16376731
2020.10.28,0.08768268
2020.10.29,0.13204019
2020.10.30,0.1294705
2020.10.31,0.14977653
2020.11.1,0.17008257
2020.11.2,0.1903886
2020.11.3,0.13429058
2020.11.4,0.1678271
2020.11.5,0.091953345
2020.11.6,0.104644656
2020.11.7,0.12108925
2020.11.8,0.13753384
2020.11.9,0.19026306
2020.11.10,0.1804315
2020.11.11,0.13719702
2020.11.12,0.18933156
2020.11.13,0.13154624
2020.11.14,0.11880442
2020.11.15,0.10606259
2020.11.16,0.16222747
2020.11.17,0.116478585
2020.11.18,0.12248876
2020.11.19,0.15894368
2020.11.20,0.19066244
2020.11.21,0.13806884
2020.11.22,0.085475236
2020.11.23,0.17150387
2020.11.24,0.11832253
2020.11.25,0.16926417
2020.11.26,0.11950044
2020.11.27,0.125913
2020.11.28,0.13627274
2020.11.29,0.14663249
2020.11.30,0.15699224
2020.12.1,0.21480832
2020.12.2,0.16903023
2020.12.3,0.10148785
2020.12.4,0.123177506
2020.12.5,0.12883109
2020.12.6,0.13448468
2020.12.7,0.14013825
2020.12.8,0.15023914
2020.12.9,0.19461541
2020.12.10,0.073165715
2020.12.11,0.1732249
2020.12.12,0.30268586
2020.12.13,0.20028934
2020.12.14,0.097892836
2020.12.15,0.12023737
2020.12.16,0.12066128
2020.12.17,0.16990615
2020.12.18,0.104152046
2020.12.19,0.13210022
2020.12.20,0.2463567
2020.12.21,0.18511906
2020.12.22,0.14335506
2020.12.23,0.16910799
2020.12.24,0.151816
2020.12.25,0.16433254
2020.12.26,0.15840016
2020.12.27,0.15246779
2020.12.28,0.14653541
2020.12.29,0.16353938
2020.12.30,0.15048349
2020.12.31,0.08489491
2021.1.1,0.019306332
2021.1.2,0.043342546
2021.1.3,0.06737876
2021.1.4,0.09141498
2021.1.5,0.115451194
2021.1.6,0.14340958
2021.1.7,0.13374074
2021.1.8,0.124071896
2021.1.9,0.09969066
2021.1.10,0.07530942
2021.1.11,0.06454829
2021.1.12,0.05021635
2021.1.13,0.03588441
2021.1.14,0.084628165
2021.1.15,0.029724024
2021.1.16,0.07003733
2021.1.17,0.11035064
2021.1.18,0.15066394
2021.1.19,0.136401
2021.1.20,0.12213805
2021.1.21,0.10787511
2021.1.22,0.122867316
2021.1.23,0.13785952
2021.1.24,0.15285175
2021.1.25,0.16784395
2021.1.26,0.08619634
2021.1.27,0.09652982
2021.1.28,0.1068633
2021.1.29,0.09194718
2021.1.30,0.10684632
2021.1.31,0.12174545
2021.2.1,0.13664459
2021.2.2,0.17228645
2021.2.3,0.20792833
2021.2.4,0.1979636
2021.2.5,0.18799885
2021.2.6,0.1780341
2021.2.7,0.16806936
2021.2.8,0.10051513
2021.2.9,0.03296089
2021.2.10,0.19029489
2021.2.11,0.12637368
2021.2.12,0.121254936
2021.2.13,0.11613619
2021.2.14,0.11101746
2021.2.15,0.105898716
2021.2.16,0.18877152
2021.2.17,0.27164432
2021.2.18,0.08679828
2021.2.19,0.0876861
2021.2.20,0.026797116
2021.2.21,0.12308313
2021.2.22,0.21936914
2021.2.23,0.094932064
2021.2.24,0.16558512
2021.2.25,-0.005409741
2021.2.26,0.07227818
2021.2.27,-0.022045314
2021.2.28,0.065030366
2021.3.1,0.09873171
2021.3.2,0.08188688
2021.3.3,0.042375643
2021.3.4,0.090321064
2021.3.5,0.051483013
2021.3.6,0.0960433
2021.3.7,0.14060359
2021.3.8,0.047629036
2021.3.9,0.09018962
2021.3.10,0.114034176
2021.3.11,0.05008509
2021.3.12,0.07521934
2021.3.13,0.07215296
2021.3.14,0.069086574
2021.3.15,0.06602019
2021.3.16,0.040512025
2021.3.17,0.10617675
2021.3.18,0.069808975
2021.3.19,0.034944065
2021.3.20,0.04978338
2021.3.21,0.09630558
2021.3.22,0.10412889
2021.3.23,0.0855659
2021.3.24,0.09327908
2021.3.25,0.10086155
2021.3.26,0.13113093
2021.3.27,0.09720994
2021.3.28,0.06328895
2021.3.29,0.029367954
2021.3.30,0.1805937
2021.3.31,0.13823824
2021.4.1,0.22315446
2021.4.2,0.10510498
2021.4.3,0.1256619
2021.4.4,0.14621879
2021.4.5,0.1667757
2021.4.6,0.13896887
2021.4.7,0.11116204
2021.4.8,0.25758666
2021.4.9,0.104193375
2021.4.10,0.10008941
2021.4.11,0.09598544
2021.4.12,0.1381577
2021.4.13,0.11764267
2021.4.14,0.042378277
2021.4.15,-0.031941272
2021.4.16,0.052242782
2021.4.17,0.13642684
2021.4.18,0.22061089
2021.4.19,0.2378583
2021.4.20,0.2400097
2021.4.21,0.16786261
2021.4.22,0.11756989
2021.4.23,0.058247983
2021.4.24,0.14480653
2021.4.25,0.2313651
2021.4.26,0.23567909
2021.4.27,0.15827072
2021.4.28,0.1894387
2021.4.29,-0.024784952
2021.4.30,0.0872679
2021.5.1,0.13870843
2021.5.2,0.19014895
2021.5.3,0.22702163
2021.5.4,0.15878491
2021.5.5,0.037632093
2021.5.6,0.07239224
2021.5.7,0.05548601
2021.5.8,0.07316669
2021.5.9,0.09084737
2021.5.10,0.012720734
2021.5.11,0.09674546
2021.5.12,0.13871704
2021.5.13,0.110396996
2021.5.14,0.12614551
2021.5.15,0.092140965
2021.5.16,0.058136415
2021.5.17,0.024131864
2021.5.18,0.1434921
2021.5.19,0.07793501
2021.5.20,0.012377918
2021.5.21,0.1457045
2021.5.22,0.18827717
2021.5.23,0.23084983
2021.5.24,0.2734225
2021.5.25,0.11967392
2021.5.26,0.098107636
2021.5.27,-0.022000784
2021.5.28,0.0776693
2021.5.29,0.1160389
2021.5.30,0.1544085
2021.5.31,0.13189079
2021.6.1,0.020954609
2021.6.2,0.16892949
2021.6.3,0.11196801
2021.6.4,0.11536541
2021.6.5,0.1187628
2021.6.6,0.1221602
2021.6.7,0.05143863
2021.6.8,0.07049507
2021.6.9,0.11353348
2021.6.10,0.1565719
2021.6.11,0.050322466
2021.6.12,0.074785486
2021.6.13,0.09924851
2021.6.14,0.092016354
2021.6.15,0.102732465
2021.6.16,0.095748395
2021.6.17,0.088764325
2021.6.18,0.1192358
2021.6.19,0.2145867
2021.6.20,0.16633573
2021.6.21,0.085753396
2021.6.22,0.12821582
2021.6.23,0.17067824
2021.6.24,0.07643652
2021.6.25,0.09224366
2021.6.26,0.13294776
2021.6.27,0.15815745
2021.6.28,0.12145899
2021.6.29,0.09855583
2021.6.30,0.13573198
2021.7.1,0.17347232
2021.7.2,0.21121266
2021.7.3,0.18744482
2021.7.4,0.16367698
2021.7.5,0.22275373
2021.7.6,0.12267399
2021.7.7,0.13039537
2021.7.8,0.05139189
2021.7.9,0.11772727
2021.7.10,-0.017897815
2021.7.11,0.20374444
2021.7.12,0.10214265
2021.7.13,0.11052378
2021.7.14,0.11003126
2021.7.15,0.057341553
2021.7.16,0.1114188
2021.7.17,0.12124934
2021.7.18,0.13107988
2021.7.19,0.15047269
2021.7.20,0.12522444
2021.7.21,0.1038636
2021.7.22,0.11507577
2021.7.23,0.10300374
2021.7.24,0.064285755
2021.7.25,0.110966586
2021.7.26,0.15764742
2021.7.27,0.15293357
2021.7.28,0.105541505
2021.7.29,0.11632198
2021.7.30,0.1617544
2021.7.31,0.14342155
2021.8.1,0.1250887
2021.8.2,0.10675585
2021.8.3,0.1495792
2021.8.4,0.10635153
2021.8.5,0.108622156
2021.8.6,0.15583415
2021.8.7,0.13165316
2021.8.8,0.10747216
2021.8.9,0.083291166
2021.8.10,0.106389046
2021.8.11,0.10789485
2021.8.12,0.11419465
2021.8.13,0.09742142
2021.8.14,-0.040196687
2021.8.15,0.17602709
2021.8.16,0.15043372
2021.8.17,0.124840334
2021.8.18,0.15254405
2021.8.19,0.12428198
2021.8.20,0.14691883
2021.8.21,0.14653365
2021.8.22,0.14614846
2021.8.23,0.14576328
2021.8.24,0.099026375
2021.8.25,0.13798466
2021.8.26,0.11700237
2021.8.27,0.097062066
2021.8.28,0.07990542
2021.8.29,0.16376239
2021.8.30,0.10248973
2021.8.31,0.11393495
2021.9.1,0.1476599
2021.9.2,0.10176055
2021.9.3,0.109728225
2021.9.4,0.1319586
2021.9.5,0.098092824
2021.9.6,0.16240656
2021.9.7,0.16137333
2021.9.8,0.1402129
2021.9.9,0.09179483
2021.9.10,0.14939871
2021.9.11,0.14908512
2021.9.12,0.14877152
2021.9.13,0.10084905
2021.9.14,0.116052076
2021.9.15,0.13382432
2021.9.16,0.07594739
2021.9.17,0.10912442
2021.9.18,0.118385814
2021.9.19,0.1276472
2021.9.20,0.1369086
2021.9.21,0.113083534
2021.9.22,0.08925846
2021.9.23,0.07514127
2021.9.24,0.15324208
2021.9.25,0.124167204
2021.9.26,0.09509233
2021.9.27,0.18694933
2021.9.28,0.10918913
2021.9.29,0.032689087
2021.9.30,0.12864384
2021.10.1,0.08959189
2021.10.2,0.0925954
2021.10.3,0.09559891
2021.10.4,0.11980923
2021.10.5,0.14401956
2021.10.6,0.14709261
2021.10.7,0.1674848
2021.10.8,0.17924295
2021.10.9,0.16955915
2021.10.10,0.15987533
2021.10.11,0.1281251
2021.10.12,0.09637487
2021.10.13,0.16803347
2021.10.14,0.11636494
2021.10.15,0.046735942
2021.10.16,0.084268466
2021.10.17,0.12180099
2021.10.18,0.091953784
2021.10.19,0.07732782
2021.10.20,0.056649983
2021.10.21,0.14140671
2021.10.22,0.12306624
2021.10.23,0.11267051
2021.10.24,0.13148376
2021.10.25,0.075437665
2021.10.26,0.09206824
2021.10.27,0.1385428
2021.10.28,0.09701554
2021.10.29,0.11863232
2021.10.30,0.10084975
2021.10.31,0.08306718
2021.11.1,0.0947344
2021.11.2,0.07047116
2021.11.3,0.112866044
2021.11.4,0.0670049
2021.11.5,0.16841622
2021.11.6,0.15600592
2021.11.7,0.11475474
2021.11.8,0.1518434
2021.11.9,0.11854014
2021.11.10,0.16727398
2021.11.11,0.107565895
2021.11.12,0.09401889
2021.11.13,0.07919186
2021.11.14,0.073113345
2021.11.15,0.067034826
2021.11.16,0.065505505
2021.11.17,0.06817284
2021.11.18,0.119200766
2021.11.19,0.11627506
2021.11.20,0.15848324
2021.11.21,0.2006914
2021.11.22,0.14891653
2021.11.23,0.099770635
2021.11.24,0.16977319
2021.11.25,0.049593545
2021.11.26,0.11609614
2021.11.27,0.088288456
2021.11.28,0.087277286
2021.11.29,0.13877787
2021.11.30,0.123170406
2021.12.1,0.086547524
2021.12.2,0.15382148
2021.12.3,0.15523365
2021.12.4,0.13287707
2021.12.5,0.11052048
2021.12.6,0.14469764
2021.12.7,0.10203079
2021.12.8,0.1379177
2021.12.9,0.15343848
2021.12.10,0.118416265
2021.12.11,0.10574306
2021.12.12,0.09306985
2021.12.13,0.110245205
2021.12.14,0.09548507
2021.12.15,0.1039197
2021.12.16,0.0510405
2021.12.17,0.09765643
2021.12.18,0.08641614
2021.12.19,0.07517585
2021.12.20,0.06005711
2021.12.21,0.09883561
2021.12.22,0.122867145
2021.12.23,0.12969771
2021.12.24,0.069932126
2021.12.25,0.13458149
2021.12.26,0.19923085
2021.12.27,0.03462533
2021.12.28,0.040566333
2021.12.29,0.12759164
2021.12.30,0.07618309
2021.12.31,0.23275073
2022.1.1,0.1898061
2022.1.2,0.05152318
2022.1.3,0.104425326
2022.1.4,0.10867609
2022.1.5,0.07627001
2022.1.6,0.082424164
2022.1.7,0.08857832
2022.1.8,-0.043549657
2022.1.9,0.13593523
2022.1.10,0.08635253
2022.1.11,0.09309567
2022.1.12,0.09991453
2022.1.13,0.0460309
2022.1.14,0.027212834
2022.1.15,0.05327043
2022.1.16,0.11884799
2022.1.17,0.07277189
2022.1.18,0.12607864
2022.1.19,0.15710588
2022.1.20,0.07517254
2022.1.21,0.19084272
2022.1.22,0.1536052
2022.1.23,0.10150559
2022.1.24,0.11662929
2022.1.25,0.12327065
2022.1.26,0.13587621
2022.1.27,0.028882867
2022.1.28,0.06515312
2022.1.29,0.16279289
2022.1.30,0.26043266
2022.1.31,0.15153703
2022.2.1,0.13181502
2022.2.2,0.08326658
2022.2.3,0.04651432
2022.2.4,0.11800225
2022.2.5,0.13107371
2022.2.6,0.14414519
2022.2.7,0.109262705
2022.2.8,0.10415468
2022.2.9,0.09904666
2022.2.10,0.09782092
2022.2.11,0.13311312
2022.2.12,0.10745099
2022.2.13,0.08178886
2022.2.14,0.17212394
2022.2.15,0.18632948
2022.2.16,0.22789448
2022.2.17,0.06496026
2022.2.18,0.1401445
2022.2.19,0.132561
2022.2.20,0.12497749
2022.2.21,0.030294836
2022.2.22,0.077487856
2022.2.23,0.08071067
2022.2.24,0.06971548
2022.2.25,0.03914656
2022.2.26,0.0902918
2022.2.27,0.1935246
2022.2.28,0.09696919
2022.3.1,0.09089605
2022.3.2,0.08482291
2022.3.3,0.124068774
2022.3.4,0.1994054
2022.3.5,0.16822173
2022.3.6,0.13703805
2022.3.7,0.1202127
2022.3.8,0.13389328
2022.3.9,0.103077434
2022.3.10,0.07226159
2022.3.11,0.002077907
2022.3.12,0.06228358
2022.3.13,0.12248925
2022.3.14,0.16906388
2022.3.15,0.09608542
2022.3.16,0.026727498
2022.3.17,0.017342756
2022.3.18,0.09903109
2022.3.19,0.07458493
2022.3.20,0.08933775
2022.3.21,0.12888627
2022.3.22,0.061267763
2022.3.23,0.05643042
2022.3.24,0.108923025
2022.3.25,0.16141562
2022.3.26,0.21390823
2022.3.27,0.26640084
2022.3.28,0.31889343
2022.3.29,0.09439607
2022.3.30,0.10095741
2022.3.31,0.115523785
2022.4.1,0.037829444
2022.4.2,0.050378706
2022.4.3,0.06292797
2022.4.4,0.07884639
2022.4.5,0.16728199
2022.4.6,0.07305773
2022.4.7,0.10279764
2022.4.8,0.101352856
2022.4.9,0.2622708
2022.4.10,0.042747006
2022.4.11,0.06126888
2022.4.12,0.08570274
2022.4.13,0.03266187
2022.4.14,0.07726911
2022.4.15,0.11371946
2022.4.16,0.11199136
2022.4.17,0.110263266
2022.4.18,0.1519587
2022.4.19,0.15573138
2022.4.20,0.08865052
2022.4.21,0.13269454
2022.4.22,0.052071534
2022.4.23,0.08240156
2022.4.24,0.112731576
2022.4.25,0.10597126
2022.4.26,0.10219626
2022.4.27,0.13803184
2022.4.28,0.17386742
2022.4.29,0.059888326
2022.4.30,0.055045005
2022.5.1,0.050201684
2022.5.2,0.08796751
2022.5.3,0.008135542
2022.5.4,0.011519969
2022.5.5,0.06163373
2022.5.6,0.0978146
2022.5.7,0.08561501
2022.5.8,0.07341543
2022.5.9,0.12972051
2022.5.10,0.18205884
2022.5.11,0.14916648
2022.5.12,0.06632653
2022.5.13,0.09769521
2022.5.14,0.132595
2022.5.15,0.1674948
2022.5.16,0.2023946
2022.5.17,0.22369355
2022.5.18,0.08995089
2022.5.19,0.095461085
2022.5.20,0.00474445
2022.5.21,0.011744842
2022.5.22,0.20225506
2022.5.23,0.116276845
2022.5.24,0.12594286
2022.5.25,0.09921074
2022.5.26,0.07587693
2022.5.27,0.12490879
2022.5.28,0.15349334
2022.5.29,0.18207788
2022.5.30,0.112522215
2022.5.31,0.11181369
2022.6.1,0.16213688
2022.6.2,0.12764141
2022.6.3,0.15321547
2022.6.4,0.10660976
2022.6.5,0.049963713
2022.6.6,0.12605837
2022.6.7,0.1612482
2022.6.8,0.1327714
2022.6.9,0.063336425
2022.6.10,0.09201923
2022.6.11,0.10516857
2022.6.12,0.11831791
2022.6.13,0.13146725
2022.6.14,0.08852195
2022.6.15,0.053802617
2022.6.16,0.07624896
2022.6.17,0.14709167
2022.6.18,0.12233341
2022.6.19,0.09757514
2022.6.20,0.16380015
2022.6.21,0.10750544
2022.6.22,0.09457201
2022.6.23,0.043739427
2022.6.24,0.113965176
2022.6.25,0.15578118
2022.6.26,0.13494307
2022.6.27,0.14397371
2022.6.28,0.18392122
2022.6.29,0.10194113
2022.6.30,0.17030126
2022.7.1,0.12992138
2022.7.2,0.13791104
2022.7.3,0.09355922
2022.7.4,0.15900503
2022.7.5,0.138106
2022.7.6,0.10955963
2022.7.7,0.1100368
2022.7.8,0.107383944
2022.7.9,0.11325855
2022.7.10,0.11913315
2022.7.11,0.12817593
2022.7.12,0.115553
2022.7.13,0.07893918
2022.7.14,0.10576272
2022.7.15,0.14570276
2022.7.16,0.088690355
2022.7.17,0.09143008
2022.7.18,0.120176196
2022.7.19,0.14268441
2022.7.20,0.096028246
2022.7.21,0.07218397
2022.7.22,0.12106271
2022.7.23,0.075844124
2022.7.24,0.14201109
2022.7.25,0.13781543
2022.7.26,0.03428002
2022.7.27,0.14671114
2022.7.28,0.05417498
2022.7.29,0.08484778
2022.7.30,0.11839686
2022.7.31,0.15194595
2022.8.1,0.0997031
2022.8.2,0.07793645
2022.8.3,0.1285328
2022.8.4,0.10675588
2022.8.5,0.0944666
2022.8.6,0.1292806
2022.8.7,0.16409458
2022.8.8,0.13264327
2022.8.9,0.13874236
2022.8.10,0.0970511
2022.8.11,0.14491445
2022.8.12,0.09222531
2022.8.13,0.09372518
2022.8.14,0.09522506
2022.8.15,0.09672493
2022.8.16,0.12612864
2022.8.17,0.22727661
2022.8.18,0.092392854
2022.8.19,0.01734677
2022.8.20,0.06417255
2022.8.21,0.11099833
2022.8.22,0.15782411
2022.8.23,0.105983585
2022.8.24,0.10725844
2022.8.25,0.016101878
2022.8.26,0.14730096
2022.8.27,0.14718874
2022.8.28,0.14707652
2022.8.29,0.15041608
2022.8.30,0.09459091
2022.8.31,0.08422579
2022.9.1,0.061030816
2022.9.2,0.13237183
2022.9.3,0.13877395
2022.9.4,0.14517605
2022.9.5,0.11308871
2022.9.6,0.17695673
2022.9.7,0.10031009
2022.9.8,0.09446361
2022.9.9,0.12830362
2022.9.10,0.16214363
2022.9.11,0.19598365
2022.9.12,0.10784997
2022.9.13,0.17206793
2022.9.14,0.113003805
2022.9.15,0.074034855
2022.9.16,0.113344766
2022.9.17,0.19394866
2022.9.18,0.15648755
2022.9.19,0.17960763
2022.9.20,0.02609017
2022.9.21,0.09175256
2022.9.22,0.066860326
2022.9.23,0.084927425
2022.9.24,0.15085366
2022.9.25,0.10433364
2022.9.26,0.087619066
2022.9.27,0.099489644
2022.9.28,0.10496767
2022.9.29,0.10583311
2022.9.30,0.08270887
2022.10.1,0.12808414
2022.10.2,0.17345941
2022.10.3,0.096047014
2022.10.4,0.16124907
2022.10.5,0.10630943
2022.10.6,0.14144142
2022.10.7,0.17342977
2022.10.8,0.18529686
2022.10.9,-0.04321134
2022.10.10,0.1385779
2022.10.11,0.09560339
2022.10.12,0.050519835
2022.10.13,0.06219033
2022.10.14,0.09665614
2022.10.15,0.06783846
2022.10.16,0.039020777
2022.10.17,0.10205851
2022.10.18,0.0758586
2022.10.19,0.12778781
2022.10.20,0.14656265
2022.10.21,0.13191512
2022.10.22,0.12779889
2022.10.23,0.12368266
2022.10.24,0.20837657
2022.10.25,0.07643432
2022.10.26,0.09465681
2022.10.27,0.14381304
2022.10.28,0.11877289
2022.10.29,0.12258362
2022.10.30,0.12639435
2022.10.31,0.13020508
2022.11.1,0.11897805
2022.11.2,0.0641451
2022.11.3,0.0827723
2022.11.4,0.10173417
2022.11.5,0.14330156
2022.11.6,0.110164486
2022.11.7,0.11379158
2022.11.8,0.15516426
2022.11.9,0.21576166
2022.11.10,0.07727916
2022.11.11,0.111285746
2022.11.12,0.14884093
2022.11.13,0.033337593
2022.11.14,0.1550534
2022.11.15,0.100046694
2022.11.16,0.08224408
2022.11.17,0.093629904
2022.11.18,0.053294946
2022.11.19,0.08165457
2022.11.20,0.1100142
2022.11.21,0.17180254
2022.11.22,0.14492476
2022.11.23,0.18589139
2022.11.24,0.092988655
2022.11.25,0.10387848
2022.11.26,0.09746228
2022.11.27,0.09104608
2022.11.28,0.09654529
2022.11.29,0.07697772
2022.11.30,0.1157969
2022.12.1,0.12112739
2022.12.2,0.15165564
2022.12.3,0.17375329
2022.12.4,0.19585094
2022.12.5,0.09877651
2022.12.6,0.095358714
2022.12.7,0.17708752
2022.12.8,0.078674905
2022.12.9,0.08244857
2022.12.10,0.05351138
2022.12.11,0.02457419
2022.12.12,0.1549397
2022.12.13,0.08542405
2022.12.14,0.11425972
2022.12.15,0.056295354
2022.12.16,0.07900214
2022.12.17,0.001271665
2022.12.18,0.05943691
2022.12.19,0.117602155
2022.12.20,0.08462677
2022.12.21,0.07287779
2022.12.22,0.1021405
2022.12.23,0.09853115
2022.12.24,0.110369764
2022.12.25,0.12220838
2022.12.26,0.11073056
2022.12.27,0.085107096
2022.12.28,0.12605488
2022.12.29,0.0941121
2022.12.30,0.12499267
2022.12.31,0.12553525
2023.1.1,0.12607783
2023.1.2,0.17152043
2023.1.3,0.11361343
2023.1.4,0.15392801
2023.1.5,0.042425714
2023.1.6,0.1342342
2023.1.7,0.083793
2023.1.8,0.033351786
2023.1.9,0.1006106
2023.1.10,0.12534304
2023.1.11,0.19423792
2023.1.12,0.104033634
2023.1.13,0.0759777
2023.1.14,0.107271366
2023.1.15,0.13856503
2023.1.16,0.0748658
2023.1.17,0.051955633
2023.1.18,0.1099005
2023.1.19,0.09283488
2023.1.20,0.07680423
2023.1.21,0.10408603
2023.1.22,0.13136783
2023.1.23,0.12494409
2023.1.24,0.11852034
2023.1.25,0.105720274
2023.1.26,0.102403164
2023.1.27,0.13902019
2023.1.28,0.13421485
2023.1.29,0.12940949
2023.1.30,0.17908558
2023.1.31,0.09427919
2023.2.1,0.16113481
2023.2.2,0.11749101
2023.2.3,0.07210066
2023.2.4,0.13564597
2023.2.5,0.19919127
2023.2.6,0.11104012
2023.2.7,0.074598685
2023.2.8,0.09347387
2023.2.9,0.102614865
2023.2.10,0.09833225
2023.2.11,0.044439882
2023.2.12,0.10580984
2023.2.13,0.21137644
2023.2.14,0.19414933
2023.2.15,0.1632893
2023.2.16,0.12259802
2023.2.17,0.09751947
2023.2.18,0.23736271
2023.2.19,0.10181376
2023.2.20,0.15704991
2023.2.21,0.11118617
2023.2.22,0.13025738
2023.2.23,0.054635566
2023.2.24,0.054051995
2023.2.25,0.001779884
2023.2.26,0.08320369
2023.2.27,0.07862027
2023.2.28,0.09906105
2023.3.1,0.10889199
2023.3.2,0.07363459
2023.3.3,0.098069966
2023.3.4,0.06921922
2023.3.5,0.040368468
2023.3.6,0.14017728
2023.3.7,0.11922323
2023.3.8,0.060453933
2023.3.9,0.09095401
2023.3.10,0.15196249
2023.3.11,0.16055408
2023.3.12,0.1591055
2023.3.13,0.10123538
2023.3.14,0.060979426
2023.3.15,0.06079923
2023.3.16,-0.003074461
2023.3.17,0.042575974
2023.3.18,0.08822641
2023.3.19,0.11018436
2023.3.20,0.12258693
2023.3.21,0.088099666
2023.3.22,0.069508806
2023.3.23,0.06807446
2023.3.24,0.13912094
2023.3.25,0.13361338
2023.3.26,0.12810582
2023.3.27,0.12259826
2023.3.28,0.08976175
2023.3.29,0.096599706
2023.3.30,0.10343766
2023.3.31,0.16294801
2023.4.1,0.13068098
2023.4.2,0.098413944
2023.4.3,0.1550632
2023.4.4,0.12706688
2023.4.5,0.25524703
2023.4.6,0.15271848
2023.4.7,0.14338659
2023.4.8,0.0828495
2023.4.9,0.11536107
2023.4.10,0.0730849
2023.4.11,0.105977915
2023.4.12,0.12723073
2023.4.13,0.040885627
2023.4.14,0.114960186
2023.4.15,0.079433054
2023.4.16,0.053013872
2023.4.17,-0.0735544
2023.4.18,0.046573386
2023.4.19,0.09819128
2023.4.20,0.14980918
2023.4.21,0.055915534
2023.4.22,0.0971341
2023.4.23,0.13835266
2023.4.24,0.16882147
2023.4.25,0.15130389
2023.4.26,0.13378632
2023.4.27,0.16998653
2023.4.28,0.16753757
2023.4.29,0.10614558
2023.4.30,0.044753592
2023.5.1,-0.016638398
2023.5.2,0.07878006
2023.5.3,0.11781982
2023.5.4,0.008691764
2023.5.5,0.03976532
2023.5.6,0.07083888
2023.5.7,0.10191244
2023.5.8,0.10485189
2023.5.9,0.099327214
2023.5.10,0.094118
2023.5.11,0.21650282
2023.5.12,0.030228943
2023.5.13,0.20264205
2023.5.14,0.12521389
2023.5.15,0.07171303
2023.5.16,0.085167706
2023.5.17,0.18049641
2023.5.18,0.17735231
2023.5.19,0.06730063
2023.5.20,0.05694008
2023.5.21,-0.042505205
2023.5.22,0.16093823
2023.5.23,0.13255484
2023.5.24,0.022598088
2023.5.25,0.02890169
2023.5.26,0.050971504
2023.5.27,0.07304132
2023.5.28,0.09511113
2023.5.29,0.07866633
2023.5.30,0.20239699
2023.5.31,0.0845632
2023.6.1,0.09339274
2023.6.2,0.13368925
2023.6.3,0.108233295
2023.6.4,0.101501904
2023.6.5,0.14553846
2023.6.6,0.18040445
2023.6.7,0.13264228
2023.6.8,0.09025292
2023.6.9,0.12030998
2023.6.10,0.1246493
2023.6.11,0.12898862
2023.6.12,0.18927377
2023.6.13,0.17974718
2023.6.14,0.17807251
2023.6.15,0.03684596
2023.6.16,0.10205613
2023.6.17,0.09623269
2023.6.18,0.09040924
2023.6.19,0.0845858
2023.6.20,0.12659056
2023.6.21,0.10742843
2023.6.22,0.07078283
2023.6.23,0.058693036
2023.6.24,0.14467737
2023.6.25,0.23066172
2023.6.26,0.099335164
2023.6.27,0.13673949
2023.6.28,0.10260589
2023.6.29,0.06847228
2023.6.30,0.12809238
2023.7.1,0.16622493
2023.7.2,0.20435749
2023.7.3,0.14086318
2023.7.4,0.14236936
2023.7.5,0.123567656
2023.7.6,0.10476596
2023.7.7,0.078412846
2023.7.8,0.086797446
2023.7.9,0.1735309
2023.7.10,0.106609665
2023.7.11,0.12483511
2023.7.12,0.11714993
2023.7.13,0.10946474
2023.7.14,0.10000789
2023.7.15,0.06448194
2023.7.16,0.028955981
2023.7.17,0.18526532
2023.7.18,0.098426014
2023.7.19,0.092030495
2023.7.20,0.13809699
2023.7.21,0.09934098
2023.7.22,0.101941764
2023.7.23,0.10454255
2023.7.24,0.099505186
2023.7.25,0.094467826
2023.7.26,0.05073753
2023.7.27,0.01217776
2023.7.28,0.04748677
2023.7.29,0.042795807
2023.7.30,0.05351789
2023.7.31,0.06423997
2023.8.1,0.039639402
2023.8.2,0.1348902
2023.8.3,0.10310333
2023.8.4,0.10279914
2023.8.5,0.11483073
2023.8.6,0.12686232
2023.8.7,0.15920162
2023.8.8,0.15808176
2023.8.9,-0.000300154
2023.8.10,0.009505205
2023.8.11,0.23828144
2023.8.12,0.16646531
2023.8.13,0.094649166
2023.8.14,-0.009074788
2023.8.15,0.112108774
2023.8.16,0.02923049
2023.8.17,0.090376675
2023.8.18,0.10992956
2023.8.19,0.109686814
2023.8.20,0.10944407
2023.8.21,0.030753125
2023.8.22,0.051854562
2023.8.23,0.07846285
2023.8.24,0.07274456
2023.8.25,0.065940365
2023.8.26,-0.01757732
2023.8.27,0.13964726
2023.8.28,0.16860141
2023.8.29,0.059238076
2023.8.30,0.06143024
2023.8.31,0.11700418
2023.9.1,0.08247933
2023.9.2,0.08764269
2023.9.3,0.092806056
2023.9.4,0.15632066
2023.9.5,0.0885631
2023.9.6,0.034345075
2023.9.7,0.10750256
2023.9.8,0.20231493
2023.9.9,0.118165225
2023.9.10,0.059188813
2023.9.11,0.035471648
2023.9.12,0.08825614
2023.9.13,0.106427476
2023.9.14,0.14636418
2023.9.15,0.030313829
2023.9.16,0.059460968
2023.9.17,0.08860811
2023.9.18,0.11775525
2023.9.19,0.058284067
2023.9.20,0.081789225
2023.9.21,0.053296752
2023.9.22,0.08028799
2023.9.23,0.087190524
2023.9.24,0.094093055
2023.9.25,0.10369027
2023.9.26,0.058186173
2023.9.27,0.11319136
2023.9.28,0.1074473
2023.9.29,0.10170323
2023.9.30,0.116266645
2023.10.1,0.13083006
2023.10.2,0.09467074
2023.10.3,0.04118073
2023.10.4,0.04697908
2023.10.5,0.08545475
2023.10.6,0.13449124
2023.10.7,0.13750303
2023.10.8,0.1301753
2023.10.9,0.08763848
2023.10.10,0.12068645
2023.10.11,0.059009593
2023.10.12,0.17875838
2023.10.13,0.15242834
2023.10.14,0.15196249
2023.10.15,0.11476052
2023.10.16,0.12894148
2023.10.17,0.16162829
2023.10.18,0.052302465
2023.10.19,0.10539262
2023.10.20,0.10590832
2023.10.21,0.119441845
2023.10.22,0.13297537
2023.10.23,0.11386015
2023.10.24,0.21979868
2023.10.25,0.075479686
2023.10.26,0.1154953
2023.10.27,0.11413195
2023.10.28,0.21231961
2023.10.29,0.11790901
2023.10.30,0.100664355
2023.10.31,0.099655315
2023.11.1,0.09934311
2023.11.2,0.04796021
2023.11.3,0.18743029
2023.11.4,0.17986009
2023.11.5,0.1722899
2023.11.6,0.065657906
2023.11.7,0.17064886
2023.11.8,0.17166246
2023.11.9,0.051870912
2023.11.10,0.033863753
2023.11.11,0.06967804
2023.11.12,0.10549232
2023.11.13,0.12220767
2023.11.14,0.14107135
2023.11.15,0.09465777
2023.11.16,0.059936326
2023.11.17,0.029174149
2023.11.18,0.05847822
2023.11.19,0.08778229
2023.11.20,0.1073904
2023.11.21,0.15007709
2023.11.22,0.08949118
2023.11.23,0.18088871
2023.11.24,0.12627728
2023.11.25,0.17492095
2023.11.26,0.059426982
2023.11.27,0.15178895
2023.11.28,0.09173072
2023.11.29,0.06928538
2023.11.30,0.06192162
2023.12.1,0.13388985
2023.12.2,-0.007416874
2023.12.3,0.113419734
2023.12.4,0.19868675
2023.12.5,0.05296883
2023.12.6,0.096960016
2023.12.7,0.083857395
2023.12.8,0.040347416
2023.12.9,0.06798658
2023.12.10,0.111412406
2023.12.11,0.060616422
2023.12.12,0.13422987
2023.12.13,0.11224015
2023.12.14,0.087052874
2023.12.15,0.04664489
2023.12.16,0.07123576
2023.12.17,0.09582664
2023.12.18,0.0857117
2023.12.19,0.116559304
2023.12.20,0.13010733
2023.12.21,0.1598806
2023.12.22,0.0968432
2023.12.23,0.13127944
2023.12.24,0.0791406
2023.12.25,0.08537517
2023.12.26,0.09258342
2023.12.27,0.12004523
2023.12.28,0.026789919
2023.12.29,0.11857614
2023.12.30,0.08395004
2023.12.31,0.085115775
2024.1.1,0.05157425
2024.1.2,0.060652636
2024.1.3,0.13451311
2024.1.4,0.053333662
2024.1.5,0.022158813
2024.1.6,-0.009016037
2024.1.7,0.07924619
2024.1.8,0.08742318
2024.1.9,0.15850532
2024.1.10,0.10696045
2024.1.11,0.06337302
2024.1.12,0.00487034
2024.1.13,0.08282858
2024.1.14,0.2877681
2024.1.15,0.09377017
2024.1.16,0.09375805
2024.1.17,0.11734845
2024.1.18,0.0991702
2024.1.19,0.026396483
2024.1.20,0.06128998
2024.1.21,0.09618348
2024.1.22,0.062212307
2024.1.23,0.0307419
2024.1.24,0.044424698
2024.1.25,0.11181697
2024.1.26,0.08103792
2024.1.27,0.12437667
2024.1.28,0.16771542
2024.1.29,0.13738742
2024.1.30,0.22038384
2024.1.31,0.1346832
2024.2.1,0.07753383
2024.2.2,0.09217712
2024.2.3,0.106820405
2024.2.4,0.12146369
2024.2.5,0.118669085
2024.2.6,0.13441941
2024.2.7,0.13390489
2024.2.8,0.12191872
2024.2.9,0.109932564
2024.2.10,0.0979464
2024.2.11,0.08596024
2024.2.12,0.07397407
2024.2.13,0.089840814
2024.2.14,0.11420908
2024.2.15,0.0928922
2024.2.16,0.04279886
2024.2.17,0.06271747
2024.2.18,0.115350276
2024.2.19,0.17846656
2024.2.20,0.1672611
2024.2.21,0.16720319
2024.2.22,0.01632883
2024.2.23,0.13687202
2024.2.24,0.10856402
2024.2.25,0.22655639
2024.2.26,0.22918127
2024.2.27,0.13461123
2024.2.28,0.23432872
2024.2.29,0.12916268
2024.3.1,0.14120507
2024.3.2,0.13360715
2024.3.3,0.12600924
2024.3.4,0.1392493
2024.3.5,0.12974541
2024.3.6,0.087364286
2024.3.7,0.06446725
2024.3.8,0.04279507
2024.3.9,0.022021204
2024.3.10,0.06566948
2024.3.11,0.13792111
2024.3.12,0.12107432
2024.3.13,-0.007921547
2024.3.14,0.09532528
2024.3.15,0.045683324
2024.3.16,0.14877662
2024.3.17,0.06485413
2024.3.18,0.095235944
2024.3.19,0.091923684
2024.3.20,0.06945554
2024.3.21,0.06308594
2024.3.22,0.024766337
2024.3.23,0.057904035
2024.3.24,0.14914715
2024.3.25,0.15494812
2024.3.26,0.06478163
2024.3.27,0.08431482
2024.3.28,0.09804879
2024.3.29,-0.005172014
2024.3.30,0.03378296
2024.3.31,0.07273793
2024.4.1,0.12033248
2024.4.2,0.096371606
2024.4.3,0.14814194
2024.4.4,0.17157066
2024.4.5,0.12778202
2024.4.6,0.09488973
2024.4.7,0.061997443
2024.4.8,0.087971926
2024.4.9,0.041742288
2024.4.10,0.07138583
2024.4.11,0.07313029
2024.4.12,0.048146676
2024.4.13,0.090265505
2024.4.14,0.13238433
2024.4.15,-0.013767581
2024.4.16,0.06175959
2024.4.17,0.034935165
2024.4.18,0.13395694
2024.4.19,0.08030284
2024.4.20,0.14358535
2024.4.21,0.20686787
2024.4.22,0.1382111
2024.4.23,0.06861939
2024.4.24,0.24775511
2024.4.25,0.13621019
2024.4.26,0.08222757
2024.4.27,0.090676546
2024.4.28,0.10937694
2024.4.29,0.05165849
2024.4.30,0.113430575
2024.5.1,0.09357114
2024.5.2,0.07371171
2024.5.3,0.08768641
2024.5.4,0.09275158
2024.5.5,0.09781674
2024.5.6,0.18022439
2024.5.7,0.14640455
2024.5.8,0.03153594
2024.5.9,0.09535415
2024.5.10,0.06821205
2024.5.11,0.07159433
2024.5.12,0.07646301
2024.5.13,0.08133169
2024.5.14,0.08620037
2024.5.15,-0.015919298
2024.5.16,0.047134083
2024.5.17,0.111568615
2024.5.18,0.09445395
2024.5.19,0.07733929
2024.5.20,0.06564203
2024.5.21,0.03798373
2024.5.22,0.043708313
2024.5.23,0.049449436
2024.5.24,0.116154574
2024.5.25,0.16207772
2024.5.26,0.20800087
2024.5.27,0.17005515
2024.5.28,0.12620549
2024.5.29,0.10757193
2024.5.30,0.08105793
2024.5.31,0.115628794
2024.6.1,0.09871678
2024.6.2,0.08180477
2024.6.3,0.094949104
2024.6.4,0.040538818
2024.6.5,0.120172404
2024.6.6,-0.005231601
2024.6.7,0.16145888
2024.6.8,0.05432239
2024.6.9,0.14261615
2024.6.10,0.15997835
2024.6.11,0.04324007
2024.6.12,0.07297417
2024.6.13,0.043704968
2024.6.14,0.12794836
2024.6.15,0.053605795
2024.6.16,0.0936456
2024.6.17,0.14162435
2024.6.18,0.097620584
2024.6.19,0.054111432
2024.6.20,0.055321038
2024.6.21,0.10620836
2024.6.22,0.0917339
2024.6.23,0.10587743
2024.6.24,0.12002096
2024.6.25,0.023255298
2024.6.26,0.13856919
2024.6.27,0.04934463
2024.6.28,0.072321124
2024.6.29,0.10664752
2024.6.30,0.08906613
2024.7.1,0.11288343
2024.7.2,0.087855525
2024.7.3,0.09263913
2024.7.4,0.1435341
2024.7.5,0.1702122
2024.7.6,0.099944085
2024.7.7,0.09845742
2024.7.8,0.09697075
2024.7.9,0.07571939
2024.7.10,0.08454347
2024.7.11,0.07536112
2024.7.12,0.101609804
2024.7.13,0.039025024
2024.7.14,0.10936624
2024.7.15,0.17970745
2024.7.16,0.114221066
2024.7.17,0.123257756
2024.7.18,0.04337852
2024.7.19,0.06775514
2024.7.20,0.07928665
2024.7.21,0.080940634
2024.7.22,0.09285455
2024.7.23,0.19613378
2024.7.24,0.12339542
2024.7.25,0.119073644
2024.7.26,0.07017126
2024.7.27,0.06434653
2024.7.28,0.058521796
2024.7.29,0.11003643
2024.7.30,0.08795042
2024.7.31,0.05312289
2024.8.1,0.026296299
2024.8.2,0.05506761
2024.8.3,0.09310731
2024.8.4,0.08789389
2024.8.5,0.053553216
2024.8.6,0.068047255
2024.8.7,0.06754525
2024.8.8,0.0981664
2024.8.9,0.049725264
2024.8.10,0.10973817
2024.8.11,0.12624647
2024.8.12,0.06312828
2024.8.13,0.09077775
2024.8.14,0.12814558
2024.8.15,0.1119988
2024.8.16,0.09802736
2024.8.17,0.1150967
2024.8.18,0.13216604
2024.8.19,0.14058559
2024.8.20,0.12495313
2024.8.21,0.042766303
2024.8.22,0.06926359
2024.8.23,0.06443111
2024.8.24,-0.008432522
2024.8.25,0.123758696
2024.8.26,0.10329775
2024.8.27,0.15929835
2024.8.28,0.09585017
2024.8.29,0.07478957
2024.8.30,0.083270974
2024.8.31,0.123297706
2024.9.1,0.16332445
2024.9.2,0.09855939
2024.9.3,0.14134069
2024.9.4,0.172668
2024.9.5,0.10467774
2024.9.6,0.1396766
2024.9.7,0.06251192
2024.9.8,0.078491166
2024.9.9,0.037122726
2024.9.10,0.18070693
2024.9.11,0.19833428
2024.9.12,0.04817264
2024.9.13,0.09618026
2024.9.14,0.105785504
2024.9.15,0.11539075
2024.9.16,0.12499599
2024.9.17,0.13460124
2024.9.18,0.04577496
2024.9.19,0.06260146
2024.9.20,0.12033632
2024.9.21,0.095064595
2024.9.22,0.12038457
2024.9.23,0.12556076
2024.9.24,0.09891181
2024.9.25,0.053085696
2024.9.26,0.146505
2024.9.27,0.055054866
2024.9.28,0.08827479
2024.9.29,0.12149472
2024.9.30,0.12379874
2024.10.1,0.051867675
2024.10.2,0.06847127
2024.10.3,0.15604556
2024.10.4,0.15533483
2024.10.5,0.09517467
2024.10.6,0.12571837
2024.10.7,0.16171215
2024.10.8,0.089005746
2024.10.9,0.12007306
2024.10.10,0.1094563
2024.10.11,0.12974596
2024.10.12,0.11371148
2024.10.13,0.09767699
2024.10.14,0.055238266
2024.10.15,0.026003217
2024.10.16,0.119262606
2024.10.17,0.03330009
2024.10.18,0.13745661
2024.10.19,0.17318958
2024.10.20,0.10686001
2024.10.21,0.090104215
2024.10.22,0.064128526
2024.10.23,0.14716092
2024.10.24,0.1085742
2024.10.25,0.105641335
2024.10.26,0.15343243
2024.10.27,0.02784709
2024.10.28,0.09610089
2024.10.29,0.1182517
2024.10.30,0.17085654
2024.10.31,0.035321265
2024.11.1,0.11237466
2024.11.2,0.11662947
2024.11.3,0.12088426
2024.11.4,0.07132507
2024.11.5,0.11300668
2024.11.6,0.13092881
2024.11.7,0.09912004
2024.11.8,0.054736517
2024.11.9,0.110293925
2024.11.10,0.08394344
2024.11.11,0.04633817
2024.11.12,0.15235788
2024.11.13,0.22329989
2024.11.14,0.10232465
2024.11.15,0.025529504
2024.11.16,0.16975611
2024.11.17,0.16842483
2024.11.18,0.087578356
2024.11.19,0.19892925
2024.11.20,0.10884058
2024.11.21,0.077083655
2024.11.22,0.1390636
2024.11.23,0.08054311
2024.11.24,0.022022625
2024.11.25,0.03122807
2024.11.26,0.040433515
2024.11.27,0.029847514
2024.11.28,0.08367422
2024.11.29,0.05188501
2024.11.30,-0.002018511
2024.12.1,0.029398147
2024.12.2,0.060814805
2024.12.3,0.045917947
2024.12.4,0.07826823
2024.12.5,0.010549665
2024.12.6,0.030740514
2024.12.7,0.04852732
2024.12.8,0.06631412
2024.12.9,0.08410093
2024.12.10,0.11852132
2024.12.11,0.1754566
2024.12.12,0.042265564
2024.12.13,0.27521423
2024.12.14,0.18817717
2024.12.15,0.10114013
2024.12.16,0.014103075
2024.12.17,0.08616023
2024.12.18,0.12283761
2024.12.19,0.029475844
2024.12.20,0.02169617
2024.12.21,0.05499178
2024.12.22,0.08828739
2024.12.23,0.121583
2024.12.24,0.22768494
2024.12.25,0.027619869
2024.12.26,0.051733077
2024.12.27,0.05080089
2024.12.28,0.049868703
2024.12.29,0.048936516
2024.12.30,0.10472983
2024.12.31,0.18018216
2025.1.1,0.059446692
2025.1.2,0.02764675
2025.1.3,0.063420035
2025.1.4,0.09919333
2025.1.5,0.13496661
2025.1.6,0.10829617
2025.1.7,0.10594019
2025.1.8,0.06056422
2025.1.9,0.0820678
2025.1.10,0.066431776
2025.1.11,0.064309716
2025.1.12,0.065657154
2025.1.13,0.09376493
2025.1.14,0.03113098
2025.1.15,0.108145855
2025.1.16,0.073415026
2025.1.17,0.069304734
2025.1.18,0.06964007
2025.1.19,0.069975406
2025.1.20,0.007409692
2025.1.21,0.13365117
2025.1.22,0.15274984
2025.1.23,0.13561776
2025.1.24,0.098958105
2025.1.25,0.09755188
2025.1.26,0.04360373
2025.1.27,0.21169035
2025.1.28,0.08917245
2025.1.29,0.19410008
2025.1.30,0.043688852
2025.1.31,0.12506227
2025.2.1,0.32340327
2025.2.2,0.13917263
2025.2.3,0.043386534
2025.2.4,0.12454006
2025.2.5,0.08723332
2025.2.6,0.044297345
2025.2.7,0.15660305
2025.2.8,0.23880756
2025.2.9,0.20284224
2025.2.10,0.09993616
2025.2.11,0.24256207
2025.2.12,0.044433706
2025.2.13,0.06820824
2025.2.14,0.09559256
2025.2.15,0.103063375
2025.2.16,0.11053419
2025.2.17,0.11800501
2025.2.18,0.12602496
2025.2.19,0.016883254
2025.2.20,0.018156817
2025.2.21,0.12034146
2025.2.22,0.27846813
2025.2.23,0.12981392
2025.2.24,0.13631593
2025.2.25,0.037448566
2025.2.26,0.08478613
2025.2.27,0.17334819
2025.2.28,0.10640216
2025.3.1,0.106771275
2025.3.2,0.10714039
2025.3.3,0.10908777
2025.3.4,0.11103515
2025.3.5,0.12299844
2025.3.6,0.077837594
2025.3.7,0.10645018
2025.3.8,0.13015176
2025.3.9,0.15385334
2025.3.10,0.044849142
2025.3.11,0.08962628
2025.3.12,0.1485462
2025.3.13,0.059207365
2025.3.14,-0.022878766
2025.3.15,0.023521554
2025.3.16,0.06992187
2025.3.17,0.16797192
2025.3.18,0.039624214
2025.3.19,0.11367271
2025.3.20,0.045239307
2025.3.21,0.23177254
2025.3.22,0.15748599
2025.3.23,0.08319943
2025.3.24,0.13541552
2025.3.25,0.11813021
2025.3.26,0.18049285
2025.3.27,0.001216695
2025.3.28,0.053677786
2025.3.29,0.10613888
2025.3.30,0.15859997
2025.3.31,0.17973204
2025.4.1,0.119123876
2025.4.2,0.22984968
2025.4.3,0.11736832
2025.4.4,0.19621605
2025.4.5,0.17199025
2025.4.6,0.14776443
2025.4.7,0.12353862
2025.4.8,0.09931281
2025.4.9,0.22558272
2025.4.10,0.13028711
2025.4.11,0.1599959
2025.4.12,0.1897047
2025.4.13,0.21941349
2025.4.14,0.1653899
2025.4.15,0.1113663
2025.4.16,0.14814399
2025.4.17,0.025211614
2025.4.18,0.095932685
2025.4.19,0.1371417
2025.4.20,0.17835073
2025.4.21,0.118485674
2025.4.22,0.1748903
2025.4.23,0.1320042
2025.4.24,0.15654647
2025.4.25,0.09204912
2025.4.26,0.13224688
2025.4.27,-0.030180842
2025.4.28,0.15024534
2025.4.29,0.24644743
2025.4.30,0.094787724
2025.5.1,0.10066375
2025.5.2,0.17589048
2025.5.3,0.2511172
2025.5.4,0.33614793
2025.5.5,0.20730022
2025.5.6,0.1037042
2025.5.7,0.054403186
2025.5.8,0.077812806
2025.5.9,0.08284739
2025.5.10,0.10269661
2025.5.11,0.12254584
2025.5.12,0.16498193
2025.5.13,0.10527661
2025.5.14,0.08420669
2025.5.15,0.009243471
2025.5.16,0.121704064
2025.5.17,0.11419557
2025.5.18,0.10668707
2025.5.19,0.1221695
2025.5.20,0.093126334
2025.5.21,0.004138947
2025.5.22,0.19356036
2025.5.23,0.09993911
2025.5.24,0.13153017
2025.5.25,0.16312121
2025.5.26,-0.030801803
2025.5.27,0.09945569
2025.5.28,0.034267224
2025.5.29,0.06585701
2025.5.30,0.12137314
2025.5.31,0.07456009
2025.6.1,0.027747035
2025.6.2,0.13652651
2025.6.3,0.12702857
2025.6.4,0.11753062
2025.6.5,0.09302804
2025.6.6,0.09407529
2025.6.7,0.12717356
2025.6.8,0.16027182
2025.6.9,0.17819493
2025.6.10,0.14593741
2025.6.11,0.10645749
2025.6.12,0.12300114
2025.6.13,0.07940878
2025.6.14,0.041937973
2025.6.15,0.004467169
2025.6.16,0.14120969
2025.6.17,0.11555354
2025.6.18,0.048222493
2025.6.19,0.074289605
2025.6.20,0.09038895
2025.6.21,-0.015633017
2025.6.22,0.0358007
2025.6.23,0.087234415
2025.6.24,0.0375174
2025.6.25,0.026857382
2025.6.26,0.09781411
2025.6.27,0.09043284
2025.6.28,0.046423703
2025.6.29,0.105130166
2025.6.30,0.08295217
2025.7.1,0.02209563
2025.7.2,0.08470869
2025.7.3,0.115034156
2025.7.4,0.05948615
2025.7.5,0.06470719
2025.7.6,0.06992823
2025.7.7,0.07514927
2025.7.8,0.08037031
2025.7.9,0.0310878
2025.7.10,0.06462825
2025.7.11,0.0669056
2025.7.12,0.06918296
2025.7.13,0.17140548
2025.7.14,0.15201586
2025.7.15,0.105741575
2025.7.16,0.12949835
2025.7.17,0.14003363
2025.7.18,0.16878846
2025.7.19,0.19754328
2025.7.20,0.22629811
2025.7.21,0.023682356
2025.7.22,0.12425902
2025.7.23,0.102068335
2025.7.24,0.079877645
2025.7.25,0.17662352
2025.7.26,0.08470252
2025.7.27,0.11127934
2025.7.28,0.18472004
2025.7.29,0.10187328
2025.7.30,0.017563611
2025.7.31,0.015988499
2025.8.1,0.12170934
2025.8.2,0.104694575
2025.8.3,0.08767982
2025.8.4,0.09869195
2025.8.5,0.10970408
2025.8.6,0.19740239
2025.8.7,0.084217
2025.8.8,0.11444183
2025.8.9,0.066266075
2025.8.10,0.018090323
2025.8.11,0.1496823
2025.8.12,0.09937466
2025.8.13,0.04371058
2025.8.14,0.11406632
2025.8.15,0.052000314
2025.8.16,0.25821963
2025.8.17,0.13567495
2025.8.18,0.027719477
2025.8.19,0.13933475